114709,http://www.imdb.com/title/tt114709,Toy Story (1995),8.3,Animation|Adventure|Comedy,"https://images-na.ssl-images-amazon.com/images/M/MV5BMDU2ZWJlMjktMTRhMy00ZTA5LWEzNDgtYmNmZTEwZTViZWJkXkEyXkFqcGdeQXVyNDQ2OTk4MzI@._V1_UX182_CR0,0,182,268_AL_.jpg"
113497,http://www.imdb.com/title/tt113497,Jumanji (1995),6.9,Action|Adventure|Family,"https://images-na.ssl-images-amazon.com/images/M/MV5BZTk2ZmUwYmEtNTcwZS00YmMyLWFkYjMtNTRmZDA3YWExMjc2XkEyXkFqcGdeQXVyMTQxNzMzNDI@._V1_UY268_CR10,0,182,268_AL_.jpg"
113228,http://www.imdb.com/title/tt113228,Grumpier Old Men (1995),6.6,Comedy|Romance,"https://images-na.ssl-images-amazon.com/images/M/MV5BMjQxM2YyNjMtZjUxYy00OGYyLTg0MmQtNGE2YzNjYmUyZTY1XkEyXkFqcGdeQXVyMTQxNzMzNDI@._V1_UX182_CR0,0,182,268_AL_.jpg"
114885,http://www.imdb.com/title/tt114885,Waiting to Exhale (1995),5.7,Comedy|Drama|Romance,"https://images-na.ssl-images-amazon.com/images/M/MV5BMTczMTMyMTgyM15BMl5BanBnXkFtZTcwOTc4OTQyMQ@@._V1_UY268_CR4,0,182,268_AL_.jpg"
113041,http://www.imdb.com/title/tt113041,Father of the Bride Part II (1995),5.9,Comedy|Family|Romance,"https://images-na.ssl-images-amazon.com/images/M/MV5BOTEyNzg5NjYtNDU4OS00MWYxLWJhMTItYWU4NTkyNDBmM2Y0XkEyXkFqcGdeQXVyMTQxNzMzNDI@._V1_UX182_CR0,0,182,268_AL_.jpg"
113277,http://www.imdb.com/title/tt113277,Heat (1995),8.2,Action|Crime|Drama,"https://images-na.ssl-images-amazon.com/images/M/MV5BNGMwNzUwNjYtZWM5NS00YzMyLWI4NjAtNjM0ZDBiMzE1YWExXkEyXkFqcGdeQXVyNDk3NzU2MTQ@._V1_UX182_CR0,0,182,268_AL_.jpg"
114319,http://www.imdb.com/title/tt114319,Sabrina (1995),6.3,Comedy|Drama,"https://images-na.ssl-images-amazon.com/images/M/MV5BMTA3OTQ2NTk2ODNeQTJeQWpwZ15BbWU4MDQ3NTM4MDMx._V1_UX182_CR0,0,182,268_AL_.jpg"
112302,http://www.imdb.com/title/tt112302,Tom and Huck (1995),5.6,Adventure|Comedy|Drama,"https://images-na.ssl-images-amazon.com/images/M/MV5BMTUxNDYzMDY1OV5BMl5BanBnXkFtZTcwNDA2MzYxMQ@@._V1_UY268_CR2,0,182,268_AL_.jpg"
114576,http://www.imdb.com/title/tt114576,Sudden Death (1995),5.7,Action|Crime|Thriller,"https://images-na.ssl-images-amazon.com/images/M/MV5BN2NjYWE5NjMtODlmZC00MjJhLWFkZTktYTJlZTI4YjVkMGNmXkEyXkFqcGdeQXVyNDc2NjEyMw@@._V1_UY268_CR0,0,182,268_AL_.jpg"
113189,http://www.imdb.com/title/tt113189,GoldenEye (1995),7.2,Action|Adventure|Thriller,"https://images-na.ssl-images-amazon.com/images/M/MV5BMzk2OTg4MTk1NF5BMl5BanBnXkFtZTcwNjExNTgzNA@@._V1_UX182_CR0,0,182,268_AL_.jpg"
112346,http://www.imdb.com/title/tt112346,The American President (1995),6.8,Comedy|Drama|Romance,"https://images-na.ssl-images-amazon.com/images/M/MV5BMTI5NDU2NDYzOF5BMl5BanBnXkFtZTYwNDk5MDI5._V1_UY268_CR4,0,182,268_AL_.jpg"
112896,http://www.imdb.com/title/tt112896,Dracula: Dead and Loving It (1995),5.8,Comedy|Fantasy|Horror,"https://images-na.ssl-images-amazon.com/images/M/MV5BZWQ0ZDFmYzMtZGMyMi00NmYxLWE0MGYtYzM2ZGNhMTE1NTczL2ltYWdlL2ltYWdlXkEyXkFqcGdeQXVyMjM5ODMxODc@._V1_UX182_CR0,0,182,268_AL_.jpg"
112453,http://www.imdb.com/title/tt112453,Balto (1995),7.1,Animation|Adventure|Drama,"https://images-na.ssl-images-amazon.com/images/M/MV5BMjBhNmFlZjMtMzhlYy00NDBlLWFiMjctMmE0ZjgwOGM2MTNmXkEyXkFqcGdeQXVyNjExODE1MDc@._V1_UX182_CR0,0,182,268_AL_.jpg"
113987,http://www.imdb.com/title/tt113987,Nixon (1995),7.1,Biography|Drama|History,"https://images-na.ssl-images-amazon.com/images/M/MV5BNzBlOWY0ZmEtZjdkYS00ZGU0LWEwN2YtYzBkNDM5ZDBjMmI1XkEyXkFqcGdeQXVyMTAwMzUyOTc@._V1_UX182_CR0,0,182,268_AL_.jpg"
112760,http://www.imdb.com/title/tt112760,Cutthroat Island (1995),5.6,Action|Adventure|Comedy,"https://images-na.ssl-images-amazon.com/images/M/MV5BMDg2YTI0YmQtYzgwMi00Zjk4LWJkZjgtYjg0ZDE2ODUzY2RlL2ltYWdlXkEyXkFqcGdeQXVyNjQzNDI3NzY@._V1_UX182_CR0,0,182,268_AL_.jpg"
112641,http://www.imdb.com/title/tt112641,Casino (1995),8.2,Crime|Drama,"https://images-na.ssl-images-amazon.com/images/M/MV5BMTcxOWYzNDYtYmM4YS00N2NkLTk0NTAtNjg1ODgwZjAxYzI3XkEyXkFqcGdeQXVyNTA4NzY1MzY@._V1_UX182_CR0,0,182,268_AL_.jpg"
114388,http://www.imdb.com/title/tt114388,Sense and Sensibility (1995),7.7,Drama|Romance,"https://images-na.ssl-images-amazon.com/images/M/MV5BNzk1MjU3MDQyMl5BMl5BanBnXkFtZTcwNjc1OTM2MQ@@._V1_UX182_CR0,0,182,268_AL_.jpg"
113101,http://www.imdb.com/title/tt113101,Four Rooms (1995),6.7,Comedy,"https://images-na.ssl-images-amazon.com/images/M/MV5BNDc3Y2YwMjUtYzlkMi00MTljLTg1ZGMtYzUwODljZTI1OTZjXkEyXkFqcGdeQXVyMTQxNzMzNDI@._V1_UX182_CR0,0,182,268_AL_.jpg"
112281,http://www.imdb.com/title/tt112281,Ace Ventura: When Nature Calls (1995),6.3,Adventure|Comedy|Crime,"https://images-na.ssl-images-amazon.com/images/M/MV5BNGFiYTgxZDctNGI4OS00MWU1LWIwOGUtZmMyNGQxYjVkZjQ3XkEyXkFqcGdeQXVyMTQxNzMzNDI@._V1_UX182_CR0,0,182,268_AL_.jpg"
113845,http://www.imdb.com/title/tt113845,Money Train (1995),5.6,Action|Comedy|Crime,"https://images-na.ssl-images-amazon.com/images/M/MV5BNDEwNzcyNjkzNl5BMl5BanBnXkFtZTcwNzQyMzYxMQ@@._V1_UY268_CR4,0,182,268_AL_.jpg"
113161,http://www.imdb.com/title/tt113161,Get Shorty (1995),6.9,Comedy|Crime|Thriller,"https://images-na.ssl-images-amazon.com/images/M/MV5BMjAwODYzNDY4Ml5BMl5BanBnXkFtZTcwODkwNTgzNA@@._V1_UX182_CR0,0,182,268_AL_.jpg"
112722,http://www.imdb.com/title/tt112722,Copycat (1995),6.6,Crime|Drama|Mystery,"https://images-na.ssl-images-amazon.com/images/M/MV5BYWUwNDk2ZDYtNmFkMi00NjE5LWE1M2ItYTRkNTFjZDU3ZDU4L2ltYWdlL2ltYWdlXkEyXkFqcGdeQXVyMTYxNjkxOQ@@._V1_UX182_CR0,0,182,268_AL_.jpg"
112401,http://www.imdb.com/title/tt112401,Assassins (1995),6.3,Action|Crime|Thriller,"https://images-na.ssl-images-amazon.com/images/M/MV5BMGY2OWI5ZjQtYjY0Zi00Y2M4LWEwMmMtOTJhODYxYTExNWZlL2ltYWdlXkEyXkFqcGdeQXVyNTAyODkwOQ@@._V1_UY268_CR3,0,182,268_AL_.jpg"
114168,http://www.imdb.com/title/tt114168,Powder (1995),6.5,Drama|Fantasy|Mystery,"https://images-na.ssl-images-amazon.com/images/M/MV5BMTM2NDczNjYwMV5BMl5BanBnXkFtZTYwNTI3Mjc4._V1_UX182_CR0,0,182,268_AL_.jpg"
113627,http://www.imdb.com/title/tt113627,Leaving Las Vegas (1995),7.6,Drama|Romance,"https://images-na.ssl-images-amazon.com/images/M/MV5BNDg3MDM5NTI0MF5BMl5BanBnXkFtZTcwNDY0NDk0NA@@._V1_UX182_CR0,0,182,268_AL_.jpg"
114057,http://www.imdb.com/title/tt114057,Othello (1995),6.9,Drama|Romance,"https://images-na.ssl-images-amazon.com/images/M/MV5BMTIxMzA2ODk2NV5BMl5BanBnXkFtZTcwMzQ4ODIyMQ@@._V1_UY268_CR4,0,182,268_AL_.jpg"
114011,http://www.imdb.com/title/tt114011,Now and Then (1995),6.8,Comedy|Drama|Romance,"https://images-na.ssl-images-amazon.com/images/M/MV5BMTM2MDQ1YjUtMGM0NC00NmFlLTljMDktZjJiNWRhMWYxOWYyXkEyXkFqcGdeQXVyNjgzMjI4ODE@._V1_UX182_CR0,0,182,268_AL_.jpg"
114117,http://www.imdb.com/title/tt114117,Persuasion,7.7,Drama,"https://images-na.ssl-images-amazon.com/images/M/MV5BMTc5NzAwNDAyN15BMl5BanBnXkFtZTYwMjYzMDc5._V1_UY268_CR1,0,182,268_AL_.jpg"
112682,http://www.imdb.com/title/tt112682,The City of Lost Children (1995),7.7,Fantasy|Sci-Fi,"https://images-na.ssl-images-amazon.com/images/M/MV5BZGQxZDMwYzYtYmFjNi00NWYyLThjZjAtMDJhODZhYTkyZDNhXkEyXkFqcGdeQXVyNTAyODkwOQ@@._V1_UY268_CR7,0,182,268_AL_.jpg"
115012,http://www.imdb.com/title/tt115012,"Yao a yao, yao dao wai po qiao (1995)",7.2,Crime|Drama|Romance,"https://images-na.ssl-images-amazon.com/images/M/MV5BMTgyMzAwOTQyNF5BMl5BanBnXkFtZTcwNDU1MjgxMQ@@._V1_UY268_CR1,0,182,268_AL_.jpg"
112792,http://www.imdb.com/title/tt112792,Dangerous Minds (1995),6.4,Biography|Drama,"https://images-na.ssl-images-amazon.com/images/M/MV5BZjk2YjNkYTYtOTZkNy00ZmRkLWI5ODEtYzA4MTM3MzMyZjhlXkEyXkFqcGdeQXVyMTQxNzMzNDI@._V1_UX182_CR0,0,182,268_AL_.jpg"
114746,http://www.imdb.com/title/tt114746,Twelve Monkeys (1995),8,Mystery|Sci-Fi|Thriller,"https://images-na.ssl-images-amazon.com/images/M/MV5BN2Y2OWU4MWMtNmIyMy00YzMyLWI0Y2ItMTcyZDc3MTdmZDU4XkEyXkFqcGdeQXVyMTQxNzMzNDI@._V1_UX182_CR0,0,182,268_AL_.jpg"
114952,http://www.imdb.com/title/tt114952,Wings of Courage (1995),6.5,Adventure|Romance,"https://images-na.ssl-images-amazon.com/images/M/MV5BMTc3ODY1MjA3OF5BMl5BanBnXkFtZTcwODgzOTgyMQ@@._V1_UX182_CR0,0,182,268_AL_.jpg"
112431,http://www.imdb.com/title/tt112431,Babe (1995),6.8,Comedy|Drama|Family,"https://images-na.ssl-images-amazon.com/images/M/MV5BYjg4ZjUzMzMtYzlmYi00YTcwLTlkOWUtYWFmY2RhNjliODQzXkEyXkFqcGdeQXVyNTUyMzE4Mzg@._V1_UX182_CR0,0,182,268_AL_.jpg"
112637,http://www.imdb.com/title/tt112637,Carrington (1995),6.9,Biography|Drama|Romance,"https://images-na.ssl-images-amazon.com/images/M/MV5BZjQ3MTBkNDEtMGRlZS00OTY0LTkzYjktOWU2MzI3ZDRiMjY5XkEyXkFqcGdeQXVyMTA0MjU0Ng@@._V1_UX182_CR0,0,182,268_AL_.jpg"
112818,http://www.imdb.com/title/tt112818,Dead Man Walking (1995),7.6,Crime|Drama,"https://images-na.ssl-images-amazon.com/images/M/MV5BMTM3NzA1MjM2N15BMl5BanBnXkFtZTcwMzY3MTMzNA@@._V1_UX182_CR0,0,182,268_AL_.jpg"
112286,http://www.imdb.com/title/tt112286,Across the Sea of Time (1995),6.4,Adventure|Drama|Family,"https://images-na.ssl-images-amazon.com/images/M/MV5BOTIwMzk1MDc1MF5BMl5BanBnXkFtZTcwMTEzNDkyMQ@@._V1_UY268_CR43,0,182,268_AL_.jpg"
113442,http://www.imdb.com/title/tt113442,It Takes Two (1995),5.7,Comedy|Family|Romance,"https://images-na.ssl-images-amazon.com/images/M/MV5BMzdhMGU0MzEtZjg1Ny00YzE5LWE0MGQtMTNiN2UwN2I5ZDBjXkEyXkFqcGdeQXVyNTgzMzU5MDI@._V1_UX182_CR0,0,182,268_AL_.jpg"
112697,http://www.imdb.com/title/tt112697,Clueless (1995),6.8,Comedy|Romance,"https://images-na.ssl-images-amazon.com/images/M/MV5BMTgxODIxODE2MF5BMl5BanBnXkFtZTgwOTA4NjQxMTE@._V1_UX182_CR0,0,182,268_AL_.jpg"
112749,http://www.imdb.com/title/tt112749,"Cry, the Beloved Country (1995)",6.9,Drama|Thriller,"https://images-na.ssl-images-amazon.com/images/M/MV5BMTcwMDU1OTEwOF5BMl5BanBnXkFtZTcwMTg5NjEyMQ@@._V1_UY268_CR3,0,182,268_AL_.jpg"
114279,http://www.imdb.com/title/tt114279,Richard III (1995),7.5,Drama|War,"https://images-na.ssl-images-amazon.com/images/M/MV5BMTI3MzMwMzIxMF5BMl5BanBnXkFtZTYwNTM0Nzc5._V1_UY268_CR2,0,182,268_AL_.jpg"
112819,http://www.imdb.com/title/tt112819,Dead Presidents (1995),6.8,Action|Crime|Drama,"https://images-na.ssl-images-amazon.com/images/M/MV5BMzE0NTI0MTM5MV5BMl5BanBnXkFtZTcwMzYwMTYyMQ@@._V1_UX182_CR0,0,182,268_AL_.jpg"
114272,http://www.imdb.com/title/tt114272,Restoration (1995),6.7,Biography|Drama|History,"https://images-na.ssl-images-amazon.com/images/M/MV5BMjE5ODY5MTU5OF5BMl5BanBnXkFtZTYwNjcwNTY5._V1_UY268_CR1,0,182,268_AL_.jpg"
113855,http://www.imdb.com/title/tt113855,Mortal Kombat (1995),5.8,Action|Adventure|Fantasy,"https://images-na.ssl-images-amazon.com/images/M/MV5BNzJhYjYxMTctNmY4My00NGIzLThmN2MtYjgwMjlmZWNjMTJlL2ltYWdlL2ltYWdlXkEyXkFqcGdeQXVyMTQxNzMzNDI@._V1_UX182_CR0,0,182,268_AL_.jpg"
114681,http://www.imdb.com/title/tt114681,To Die For (1995),6.8,Comedy|Crime|Drama,"https://images-na.ssl-images-amazon.com/images/M/MV5BNGZhYzgwNzItNDljNC00MDM4LThiYjEtNDRhNmE5NDk2MTQ0XkEyXkFqcGdeQXVyMTQxNzMzNDI@._V1_UX182_CR0,0,182,268_AL_.jpg"
113347,http://www.imdb.com/title/tt113347,How to Make an American Quilt (1995),6.2,Comedy|Drama|Romance,"https://images-na.ssl-images-amazon.com/images/M/MV5BNzY3NTQ0NTM0NV5BMl5BanBnXkFtZTcwODkwMzgxMQ@@._V1_UY268_CR3,0,182,268_AL_.jpg"
114369,http://www.imdb.com/title/tt114369,Se7en (1995),8.6,Crime|Drama|Mystery,"https://images-na.ssl-images-amazon.com/images/M/MV5BOTUwODM5MTctZjczMi00OTk4LTg3NWUtNmVhMTAzNTNjYjcyXkEyXkFqcGdeQXVyNjU0OTQ0OTY@._V1_UX182_CR0,0,182,268_AL_.jpg"
114148,http://www.imdb.com/title/tt114148,Pocahontas (1995),6.7,Animation|Adventure|Drama,"https://images-na.ssl-images-amazon.com/images/M/MV5BMzc4YzhiN2ItY2Y4NC00YTA0LWEyMjEtNzllNTcxZDdjODhiXkEyXkFqcGdeQXVyNTUyMzE4Mzg@._V1_UX182_CR0,0,182,268_AL_.jpg"
114916,http://www.imdb.com/title/tt114916,When Night Is Falling (1995),6.7,Drama|Romance,"https://images-na.ssl-images-amazon.com/images/M/MV5BMTI2OTU5MDMzN15BMl5BanBnXkFtZTcwMTkxNTEzMQ@@._V1_UY268_CR2,0,182,268_AL_.jpg"
114814,http://www.imdb.com/title/tt114814,The Usual Suspects (1995),8.6,Crime|Drama|Mystery,"https://images-na.ssl-images-amazon.com/images/M/MV5BMzI1MjI5MDQyOV5BMl5BanBnXkFtZTcwNzE4Mjg3NA@@._V1_UX182_CR0,0,182,268_AL_.jpg"
109950,http://www.imdb.com/title/tt109950,Guardian Angel (1994),4.8,Action|Drama|Thriller,"https://images-na.ssl-images-amazon.com/images/M/MV5BMTI1OTA0NDQzN15BMl5BanBnXkFtZTcwMjIwNjQyMQ@@._V1_UY268_CR102,0,182,268_AL_.jpg"
113819,http://www.imdb.com/title/tt113819,Mighty Aphrodite (1995),7.1,Comedy|Fantasy|Romance,"https://images-na.ssl-images-amazon.com/images/M/MV5BMGM1NzM2ZjktNDM5ZS00YmExLTk5ZmYtNDdkNjdkNTdhZWZkXkEyXkFqcGdeQXVyNjE5MjUyOTM@._V1_UX182_CR0,0,182,268_AL_.jpg"
110299,http://www.imdb.com/title/tt110299,Lamerica (1994),7.6,Drama,"https://images-na.ssl-images-amazon.com/images/M/MV5BMTk0MTI5MjU3MF5BMl5BanBnXkFtZTcwMjMzODUyMQ@@._V1_UY268_CR3,0,182,268_AL_.jpg"
112499,http://www.imdb.com/title/tt112499,The Big Green (1995),5.5,Comedy|Family|Sport,"https://images-na.ssl-images-amazon.com/images/M/MV5BMTMwODc3MDk3Nl5BMl5BanBnXkFtZTcwMTE5NTUyMQ@@._V1_UY268_CR5,0,182,268_AL_.jpg"
113158,http://www.imdb.com/title/tt113158,Georgia (1995),6.5,Drama|Music,"https://images-na.ssl-images-amazon.com/images/M/MV5BZWJiNjMwYzMtZWU5Yi00NGI0LTg5NGYtZDY4MWRiYjEwYTYzXkEyXkFqcGdeQXVyMTAwMzUyOTc@._V1_UX182_CR0,0,182,268_AL_.jpg"
113541,http://www.imdb.com/title/tt113541,Kids of the Round Table (1995),5,Adventure|Comedy|Family,"https://images-na.ssl-images-amazon.com/images/M/MV5BMTEwMTM0MzI3OTheQTJeQWpwZ15BbWU3MDQzNTQ2MTE@._V1_UX182_CR0,0,182,268_AL_.jpg"
113321,http://www.imdb.com/title/tt113321,Home for the Holidays (1995),6.6,Comedy|Drama|Romance,"https://images-na.ssl-images-amazon.com/images/M/MV5BMjExMTMyNzU4MV5BMl5BanBnXkFtZTcwMzIwMDkxMQ@@._V1_UX182_CR0,0,182,268_AL_.jpg"
110877,http://www.imdb.com/title/tt110877,Il Postino: The Postman (1994),7.7,Biography|Comedy|Drama,"https://images-na.ssl-images-amazon.com/images/M/MV5BMTY5NDI4NjQyOV5BMl5BanBnXkFtZTYwODI1NDE5._V1_UY268_CR3,0,182,268_AL_.jpg"
112714,http://www.imdb.com/title/tt112714,Le confessionnal (1995),7.6,Drama|Mystery|Thriller,"https://images-na.ssl-images-amazon.com/images/M/MV5BMTk2MDE1MTYyNl5BMl5BanBnXkFtZTcwMzc3NDEzMQ@@._V1_UX182_CR0,0,182,268_AL_.jpg"
113419,http://www.imdb.com/title/tt113419,The Indian in the Cupboard (1995),5.9,Drama|Family|Fantasy,"https://images-na.ssl-images-amazon.com/images/M/MV5BMTk0NjQ5NzQxMl5BMl5BanBnXkFtZTcwMDc5NjUyMQ@@._V1_UX182_CR0,0,182,268_AL_.jpg"
116260,http://www.imdb.com/title/tt116260,Eye for an Eye (1996),6.1,Crime|Drama|Thriller,"https://images-na.ssl-images-amazon.com/images/M/MV5BMTUwMzc5NTk0NF5BMl5BanBnXkFtZTYwOTYyMzU5._V1_UX182_CR0,0,182,268_AL_.jpg"
113862,http://www.imdb.com/title/tt113862,Mr. Holland's Opus (1995),7.3,Drama|Music,"https://images-na.ssl-images-amazon.com/images/M/MV5BZDZhNDRlZjAtYzdhNy00ZjU1LWFlMDYtNjA5NjliM2Y5ZmVjL2ltYWdlXkEyXkFqcGdeQXVyNjE5MjUyOTM@._V1_UX182_CR0,0,182,268_AL_.jpg"
116126,http://www.imdb.com/title/tt116126,Don't Be a Menace to South Central While Drinking Your Juice in the Hood (1996),6.6,Comedy|Crime,"https://images-na.ssl-images-amazon.com/images/M/MV5BY2NmM2M2MWItNjdlMC00ZWI3LTkwODUtZDNkYWZjYjgzZjY3XkEyXkFqcGdeQXVyMTQxNzMzNDI@._V1_UX182_CR0,0,182,268_AL_.jpg"
118002,http://www.imdb.com/title/tt118002,Two If by Sea (1996),5.2,Comedy|Crime|Romance,"https://images-na.ssl-images-amazon.com/images/M/MV5BMTY5MDcxNjY5MV5BMl5BanBnXkFtZTYwNDMxMTk5._V1_UX182_CR0,0,182,268_AL_.jpg"
115683,http://www.imdb.com/title/tt115683,Bio-Dome (1996),4.4,Comedy,"https://images-na.ssl-images-amazon.com/images/M/MV5BYzY0ZjI0NTUtNDE4Yi00OGU2LWExZDMtNTY1MTM3ZWE3MzEyXkEyXkFqcGdeQXVyMTQxNzMzNDI@._V1_UX182_CR0,0,182,268_AL_.jpg"
116839,http://www.imdb.com/title/tt116839,Lawnmower Man 2: Beyond Cyberspace (1996),2.4,Action|Sci-Fi|Thriller,"https://images-na.ssl-images-amazon.com/images/M/MV5BZGI0ZDZhOGUtZDZiOS00NWE2LThjNzQtYzI3ZGFjODUwZjlkXkEyXkFqcGdeQXVyMTQxNzMzNDI@._V1_UX182_CR0,0,182,268_AL_.jpg"
114753,http://www.imdb.com/title/tt114753,Two Bits (1995),6.3,Drama,"https://images-na.ssl-images-amazon.com/images/M/MV5BOGE1NmM0MjYtZmJjYS00ODI5LWI0MjgtOGM2MTY3ZmIyNDZkXkEyXkFqcGdeQXVyNjUwNzk3NDc@._V1_UX182_CR0,0,182,268_AL_.jpg"
113149,http://www.imdb.com/title/tt113149,French Twist (1995),6.4,Comedy,"https://images-na.ssl-images-amazon.com/images/M/MV5BMTg3NjczMTU1OF5BMl5BanBnXkFtZTcwOTAzNTQyMQ@@._V1_UY268_CR3,0,182,268_AL_.jpg"
113118,http://www.imdb.com/title/tt113118,Friday (1995),7.3,Comedy|Drama,"https://images-na.ssl-images-amazon.com/images/M/MV5BYmEwNjNlZTUtNzkwMS00ZTlhLTkyY2MtMjM2MzlmODQyZGVhXkEyXkFqcGdeQXVyNTI4MjkwNjA@._V1_UX182_CR0,0,182,268_AL_.jpg"
116367,http://www.imdb.com/title/tt116367,From Dusk Till Dawn (1996),7.3,Action|Crime|Horror,"https://images-na.ssl-images-amazon.com/images/M/MV5BZjk3YmZhMDAtOWUzMS00YjE5LTkxNzAtY2I1NGZjMDA2ZTk0XkEyXkFqcGdeQXVyMTQxNzMzNDI@._V1_UX182_CR0,0,182,268_AL_.jpg"
113010,http://www.imdb.com/title/tt113010,Fair Game (1995),4.1,Action|Crime|Romance,"https://images-na.ssl-images-amazon.com/images/M/MV5BMTQ4NjM0MDI1OF5BMl5BanBnXkFtZTcwMDQ1ODMyMQ@@._V1_UY268_CR11,0,182,268_AL_.jpg"
113537,http://www.imdb.com/title/tt113537,Kicking and Screaming (1995),7,Comedy|Drama|Romance,"https://images-na.ssl-images-amazon.com/images/M/MV5BMjEzMjkwMzE4Nl5BMl5BanBnXkFtZTcwNzY0NzMzMQ@@._V1_UY268_CR4,0,182,268_AL_.jpg"
113828,http://www.imdb.com/title/tt113828,Les misï¿½rables (1995),7.5,Drama|History,"https://images-na.ssl-images-amazon.com/images/M/MV5BMTg1NzgyNTk0N15BMl5BanBnXkFtZTYwNjk4MDU5._V1_UY268_CR2,0,182,268_AL_.jpg"
115644,http://www.imdb.com/title/tt115644,Bed of Roses (1996),6.1,Romance|Drama,"https://images-na.ssl-images-amazon.com/images/M/MV5BMjg4MzcxMzk3M15BMl5BanBnXkFtZTcwNzkzOTMyMQ@@._V1_UY268_CR8,0,182,268_AL_.jpg"
115676,http://www.imdb.com/title/tt115676,Big Bully (1996),4.5,Comedy|Thriller,"https://images-na.ssl-images-amazon.com/images/M/MV5BYzAzMmUyNTYtNTQ4Yi00ZDJmLTliMTAtOTFlY2U0ODNiMGNmXkEyXkFqcGdeQXVyNTIzOTk5ODM@._V1_UX182_CR0,0,182,268_AL_.jpg"
114367,http://www.imdb.com/title/tt114367,Screamers (1995),6.4,Sci-Fi|Thriller,"https://images-na.ssl-images-amazon.com/images/M/MV5BM2M2ZGM0NDUtODRhNS00MjcxLTg3ZWYtYjkyZDJkYmVjOWYwXkEyXkFqcGdeQXVyMTQxNzMzNDI@._V1_UX182_CR0,0,182,268_AL_.jpg"
113973,http://www.imdb.com/title/tt113973,Nico Icon (1995),7.3,Documentary|Biography|Music,"https://images-na.ssl-images-amazon.com/images/M/MV5BNTY2MDM2NzcyM15BMl5BanBnXkFtZTcwMjk3MzcyMQ@@._V1_UY268_CR0,0,182,268_AL_.jpg"
112744,http://www.imdb.com/title/tt112744,The Crossing Guard (1995),6.3,Drama|Thriller,"https://images-na.ssl-images-amazon.com/images/M/MV5BMjkwNWMyZjQtNmU5MS00ZWE1LWE3NzMtNGZjNTlhYzcwNjIzXkEyXkFqcGdeQXVyMTAwMzUyOTc@._V1_UX182_CR0,0,182,268_AL_.jpg"
116731,http://www.imdb.com/title/tt116731,The Juror (1996),5.6,Drama|Thriller,"https://images-na.ssl-images-amazon.com/images/M/MV5BMTgwOTc5MjYzNl5BMl5BanBnXkFtZTcwMjYzMTYyMQ@@._V1_UX182_CR0,0,182,268_AL_.jpg"
112445,http://www.imdb.com/title/tt112445,The White Balloon (1995),7.8,Drama|Family,"https://images-na.ssl-images-amazon.com/images/M/MV5BMTE5ODk5MDAwN15BMl5BanBnXkFtZTYwNDA3MjE5._V1_UX182_CR0,0,182,268_AL_.jpg"
114660,http://www.imdb.com/title/tt114660,Things to Do in Denver When You're Dead (1995),6.8,Crime|Drama,"https://images-na.ssl-images-amazon.com/images/M/MV5BMzI0OWEzZmItOGUyOC00M2Y2LWIzNDEtY2EzYzAwNWI0ZDkyXkEyXkFqcGdeQXVyNTc1NTQxODI@._V1_UX182_CR0,0,182,268_AL_.jpg"
112379,http://www.imdb.com/title/tt112379,Antonia's Line (1995),7.5,Comedy|Drama,"https://images-na.ssl-images-amazon.com/images/M/MV5BMTgwNjkwOTQ5NV5BMl5BanBnXkFtZTcwNjc3ODAyMQ@@._V1_UY268_CR1,0,182,268_AL_.jpg"
114039,http://www.imdb.com/title/tt114039,Once Upon a Time... When We Were Colored (1995),7.2,Drama|Romance,"https://images-na.ssl-images-amazon.com/images/M/MV5BMTI4NDk2MDcyNV5BMl5BanBnXkFtZTcwMTQxNTMyMQ@@._V1_UX182_CR0,0,182,268_AL_.jpg"
113612,http://www.imdb.com/title/tt113612,Last Summer in the Hamptons (1995),6.1,Comedy|Drama,"https://images-na.ssl-images-amazon.com/images/M/MV5BMTY2OTM4MDI2OV5BMl5BanBnXkFtZTcwNTQxMTYxMQ@@._V1_UX182_CR0,0,182,268_AL_.jpg"
112365,http://www.imdb.com/title/tt112365,Angels and Insects (1995),7,Drama|Romance,"https://images-na.ssl-images-amazon.com/images/M/MV5BOTgwMTExNjk2M15BMl5BanBnXkFtZTcwNzQxNTEzMQ@@._V1_UY268_CR2,0,182,268_AL_.jpg"
118158,http://www.imdb.com/title/tt118158,White Squall (1996),6.6,Adventure|Drama,"https://images-na.ssl-images-amazon.com/images/M/MV5BMTI5NjIzMTI5OV5BMl5BanBnXkFtZTcwMjY0MzAyMQ@@._V1_UY268_CR2,0,182,268_AL_.jpg"
116151,http://www.imdb.com/title/tt116151,Dunston Checks In (1996),5.3,Comedy|Adventure|Family,"https://images-na.ssl-images-amazon.com/images/M/MV5BN2RhOTA4YzAtNTg3NC00NmYxLWI1YjQtYzM4NTJlYzVhZGYwXkEyXkFqcGdeQXVyMTQxNzMzNDI@._V1_UX182_CR0,0,182,268_AL_.jpg"
115697,http://www.imdb.com/title/tt115697,Black Sheep (1996),6.2,Comedy,"https://images-na.ssl-images-amazon.com/images/M/MV5BYjc2NzU0YjUtYzkyNS00NjcwLWJiM2QtM2Y3YjFhMTQ0M2I3XkEyXkFqcGdeQXVyMTQxNzMzNDI@._V1_UX182_CR0,0,182,268_AL_.jpg"
113972,http://www.imdb.com/title/tt113972,Nick of Time (1995),6.3,Action|Crime|Drama,"https://images-na.ssl-images-amazon.com/images/M/MV5BMjE1OTk4OTM2NF5BMl5BanBnXkFtZTYwNzE4OTc4._V1_UY268_CR3,0,182,268_AL_.jpg"
113490,http://www.imdb.com/title/tt113490,The Journey of August King (1995),6.6,Drama,"https://images-na.ssl-images-amazon.com/images/M/MV5BMjA2MTMxMDQyMV5BMl5BanBnXkFtZTcwMDEzMzcyMQ@@._V1_UX182_CR0,0,182,268_AL_.jpg"
117002,http://www.imdb.com/title/tt117002,Mary Reilly (1996),5.8,Drama|Horror|Romance,"https://images-na.ssl-images-amazon.com/images/M/MV5BMTM2MzEzNTc2NF5BMl5BanBnXkFtZTYwNTI5NjU5._V1_UY268_CR0,0,182,268_AL_.jpg"
114825,http://www.imdb.com/title/tt114825,Vampire in Brooklyn (1995),4.5,Comedy|Fantasy|Horror,"https://images-na.ssl-images-amazon.com/images/M/MV5BNWFlYjJiYzUtNWE1YS00YzM5LTkxYzMtN2FlMjI4NTNlNzExXkEyXkFqcGdeQXVyMTQxNzMzNDI@._V1_UX182_CR0,0,182,268_AL_.jpg"
115639,http://www.imdb.com/title/tt115639,Beautiful Girls (1996),7.2,Comedy|Drama|Romance,"https://images-na.ssl-images-amazon.com/images/M/MV5BMTI4NjU0NDM0NV5BMl5BanBnXkFtZTYwODU5MjY5._V1_UY268_CR2,0,182,268_AL_.jpg"
115759,http://www.imdb.com/title/tt115759,Broken Arrow (1996),6,Action|Crime|Thriller,"https://images-na.ssl-images-amazon.com/images/M/MV5BMTY1NTQzMDQwMF5BMl5BanBnXkFtZTYwOTQ1OTk4._V1_UY268_CR3,0,182,268_AL_.jpg"
113403,http://www.imdb.com/title/tt113403,A Midwinter's Tale (1995),7.3,Comedy,"https://images-na.ssl-images-amazon.com/images/M/MV5BMTIyMDEwMDAyMl5BMl5BanBnXkFtZTYwOTUwNTk4._V1_UX182_CR0,0,182,268_AL_.jpg"
113247,http://www.imdb.com/title/tt113247,La Haine (1995),8.1,Crime|Drama,"https://images-na.ssl-images-amazon.com/images/M/MV5BNDNiOTA5YjktY2Q0Ni00ODgzLWE5MWItNGExOWRlYjY2MjBlXkEyXkFqcGdeQXVyNjQ2MjQ5NzM@._V1_UY268_CR3,0,182,268_AL_.jpg"
111173,http://www.imdb.com/title/tt111173,Shopping (1994),5.4,Action|Crime|Drama,"https://images-na.ssl-images-amazon.com/images/M/MV5BMTA5NzE3MjQ4MzFeQTJeQWpwZ15BbWU3MDQ1MDU2MjE@._V1_UY268_CR4,0,182,268_AL_.jpg"
113283,http://www.imdb.com/title/tt113283,Heidi Fleiss: Hollywood Madam (1995),6.6,Documentary|Biography,"https://images-na.ssl-images-amazon.com/images/M/MV5BMTc4NDc5NzQzNF5BMl5BanBnXkFtZTcwMDUyODkxMQ@@._V1_UY268_CR4,0,182,268_AL_.jpg"
115907,http://www.imdb.com/title/tt115907,City Hall (1996),6.2,Drama,"https://images-na.ssl-images-amazon.com/images/M/MV5BZDg3M2YzZWQtMmZjZC00NzJmLThiNDMtZjM3Mjk0MjFkOTQ0XkEyXkFqcGdeQXVyNjUwNzk3NDc@._V1_UX182_CR0,0,182,268_AL_.jpg"
115734,http://www.imdb.com/title/tt115734,Bottle Rocket (1996),7.1,Comedy|Crime|Drama,"https://images-na.ssl-images-amazon.com/images/M/MV5BMTI2NDY4Mzc1Nl5BMl5BanBnXkFtZTcwNzUyNDk5MQ@@._V1_UY268_CR4,0,182,268_AL_.jpg"
117102,http://www.imdb.com/title/tt117102,Mr. Wrong (1996),3.8,Comedy,"https://images-na.ssl-images-amazon.com/images/M/MV5BMTM0MTAxMjcyMl5BMl5BanBnXkFtZTcwMTIzMTEyMQ@@._V1_UY268_CR3,0,182,268_AL_.jpg"
118040,http://www.imdb.com/title/tt118040,Unforgettable (1996),6,Drama|Mystery|Sci-Fi,"https://images-na.ssl-images-amazon.com/images/M/MV5BMjE4MjA4MzIxMV5BMl5BanBnXkFtZTcwMTg3Mjg3NA@@._V1_UX182_CR0,0,182,268_AL_.jpg"
116483,http://www.imdb.com/title/tt116483,Happy Gilmore (1996),7,Comedy|Family|Sport,"https://images-na.ssl-images-amazon.com/images/M/MV5BMjA4NjUxODg3Ml5BMl5BanBnXkFtZTcwNzcyODc5Mw@@._V1_UX182_CR0,0,182,268_AL_.jpg"
112579,http://www.imdb.com/title/tt112579,The Bridges of Madison County (1995),7.5,Drama|Romance,"https://images-na.ssl-images-amazon.com/images/M/MV5BMTI0MDkxMzA2NF5BMl5BanBnXkFtZTYwNjIxMDI5._V1_UY268_CR7,0,182,268_AL_.jpg"
110251,http://www.imdb.com/title/tt110251,Nobody Loves Me (1994),7.3,Comedy|Drama,"https://images-na.ssl-images-amazon.com/images/M/MV5BMTM1NzQ2NjQ3Ml5BMl5BanBnXkFtZTcwNzg5NjYxMQ@@._V1_UY268_CR4,0,182,268_AL_.jpg"
117110,http://www.imdb.com/title/tt117110,Muppet Treasure Island (1996),6.9,Action|Adventure|Comedy,"https://images-na.ssl-images-amazon.com/images/M/MV5BMTY0NDU1MDYxMl5BMl5BanBnXkFtZTcwNjgyMTEzMQ@@._V1_UY268_CR3,0,182,268_AL_.jpg"
112646,http://www.imdb.com/title/tt112646,Catwalk (1995),6.4,Documentary,"https://images-na.ssl-images-amazon.com/images/M/MV5BMTYxNzk1NjMxN15BMl5BanBnXkFtZTcwNjk0ODkxMQ@@._V1_UX182_CR0,0,182,268_AL_.jpg"
113276,http://www.imdb.com/title/tt113276,Headless Body in Topless Bar (1995),4.7,Comedy|Crime|Drama,"https://images-na.ssl-images-amazon.com/images/M/MV5BMTYyMTAzNDY0NF5BMl5BanBnXkFtZTcwODc4ODcxMQ@@._V1_UX182_CR0,0,182,268_AL_.jpg"
112573,http://www.imdb.com/title/tt112573,Braveheart (1995),8.4,Biography|Drama|History,"https://images-na.ssl-images-amazon.com/images/M/MV5BNTMyNGE1ODQtYTNiNS00ZTUyLThhZjktMTgyOGZkZThlYTc3XkEyXkFqcGdeQXVyMTQxNzMzNDI@._V1_UX182_CR0,0,182,268_AL_.jpg"
75314,http://www.imdb.com/title/tt75314,Taxi Driver (1976),8.3,Crime|Drama,"https://images-na.ssl-images-amazon.com/images/M/MV5BNGQxNDgzZWQtZTNjNi00M2RkLWExZmEtNmE1NjEyZDEwMzA5XkEyXkFqcGdeQXVyMTQxNzMzNDI@._V1_UX182_CR0,0,182,268_AL_.jpg"
113326,http://www.imdb.com/title/tt113326,Rumble in the Bronx (1995),6.7,Action|Comedy|Crime,"https://images-na.ssl-images-amazon.com/images/M/MV5BZTUxMzY1N2YtZjM5NC00MmUzLThkNzEtYjNiYzg0MzI4MDc5L2ltYWdlXkEyXkFqcGdeQXVyNTAyODkwOQ@@._V1_UY268_CR6,0,182,268_AL_.jpg"
115645,http://www.imdb.com/title/tt115645,Before and After (1996),6.1,Crime|Drama|Mystery,"https://images-na.ssl-images-amazon.com/images/M/MV5BMTgwODk4NDkzNF5BMl5BanBnXkFtZTcwMjA0MjUyMQ@@._V1_UY268_CR2,0,182,268_AL_.jpg"
113774,http://www.imdb.com/title/tt113774,Margaret's Museum (1995),7.3,Drama,"https://images-na.ssl-images-amazon.com/images/M/MV5BMTc3NjY0Mjk4MV5BMl5BanBnXkFtZTcwNTAzMzUyMQ@@._V1_UY268_CR3,0,182,268_AL_.jpg"
112556,http://www.imdb.com/title/tt112556,Happiness Is in the Field (1995),7,Comedy,"https://images-na.ssl-images-amazon.com/images/M/MV5BMTcxMzM5MDAxMF5BMl5BanBnXkFtZTcwNzUxNDMzMQ@@._V1_UY268_CR4,0,182,268_AL_.jpg"
112373,http://www.imdb.com/title/tt112373,Anne Frank Remembered (1995),8.1,Documentary|Biography|War,"https://images-na.ssl-images-amazon.com/images/M/MV5BNTMyOTkxMzA5N15BMl5BanBnXkFtZTcwNjU3MTUyMQ@@._V1_UY268_CR2,0,182,268_AL_.jpg"
115033,http://www.imdb.com/title/tt115033,The Young Poisoner's Handbook (1995),7.1,Crime|Drama,"https://images-na.ssl-images-amazon.com/images/M/MV5BMTg0MTE5OTMzNV5BMl5BanBnXkFtZTcwMDM0MzkzMQ@@._V1_UY268_CR43,0,182,268_AL_.jpg"
116606,http://www.imdb.com/title/tt116606,If Lucy Fell (1996),4.9,Comedy|Romance,"https://images-na.ssl-images-amazon.com/images/M/MV5BMTIyNjYyMjIyMV5BMl5BanBnXkFtZTcwNzE4OTUxMQ@@._V1_UX182_CR0,0,182,268_AL_.jpg"
114536,http://www.imdb.com/title/tt114536,Steal Big Steal Little (1995),4.8,Comedy,"https://images-na.ssl-images-amazon.com/images/M/MV5BMTM3MzkzODY2OF5BMl5BanBnXkFtZTcwNjY1OTUyMQ@@._V1_UX182_CR0,0,182,268_AL_.jpg"
117427,http://www.imdb.com/title/tt117427,Race the Sun (1996),5.3,Adventure|Comedy|Drama,"https://images-na.ssl-images-amazon.com/images/M/MV5BZDQ2ZGJlOTAtMmM1Yi00MGNlLWIwMDgtMzkzNTA1NWU3YzhiXkEyXkFqcGdeQXVyMTQxNzMzNDI@._V1_UX182_CR0,0,182,268_AL_.jpg"
106473,http://www.imdb.com/title/tt106473,The Boys of St. Vincent (1992),7.7,Drama,"https://images-na.ssl-images-amazon.com/images/M/MV5BMjE3NjM3NDQ0M15BMl5BanBnXkFtZTcwNzEwNjMyMQ@@._V1_UY268_CR3,0,182,268_AL_.jpg"
103859,http://www.imdb.com/title/tt103859,Boomerang (1992),5.4,Comedy|Drama|Romance,"https://images-na.ssl-images-amazon.com/images/M/MV5BZDZmZDU5MGYtMTU3YS00NDczLWJmOTQtOTdlODk2NmMxZjllXkEyXkFqcGdeQXVyMTQxNzMzNDI@._V1_UX182_CR0,0,182,268_AL_.jpg"
109424,http://www.imdb.com/title/tt109424,Chungking Express (1994),8.1,Comedy|Drama|Romance,"https://images-na.ssl-images-amazon.com/images/M/MV5BMGQ5MzljNzYtMDM1My00NmI0LThlYzQtMTg0ZmQ0MTk1YjkxXkEyXkFqcGdeQXVyNTAyODkwOQ@@._V1_UY268_CR4,0,182,268_AL_.jpg"
114808,http://www.imdb.com/title/tt114808,The Star Maker (1995),7.3,Drama|Romance,"https://images-na.ssl-images-amazon.com/images/M/MV5BMjE0MTE1ODI3MF5BMl5BanBnXkFtZTcwMTMwMTkxMQ@@._V1_UY268_CR2,0,182,268_AL_.jpg"
116324,http://www.imdb.com/title/tt116324,Flirting with Disaster (1996),6.8,Comedy,"https://images-na.ssl-images-amazon.com/images/M/MV5BNzM4NTAyMDE4MF5BMl5BanBnXkFtZTcwNjg1NDQ3Nw@@._V1_UY268_CR4,0,182,268_AL_.jpg"
110647,http://www.imdb.com/title/tt110647,The Neverending Story III (1994),3.1,Adventure|Comedy|Family,"https://images-na.ssl-images-amazon.com/images/M/MV5BMTAxMjY5OTg1MjJeQTJeQWpwZ15BbWU3MDk4MTgzMjE@._V1_UY268_CR2,0,182,268_AL_.jpg"
111055,http://www.imdb.com/title/tt111055,The Silences of the Palace (1994),7.4,Drama,"https://images-na.ssl-images-amazon.com/images/M/MV5BMTY4NTI3MTY4MF5BMl5BanBnXkFtZTcwNzI0MzcxMQ@@._V1_UX182_CR0,0,182,268_AL_.jpg"
110217,http://www.imdb.com/title/tt110217,Jupiter's Wife (1995),7.2,Documentary|Biography|Mystery,"https://images-na.ssl-images-amazon.com/images/M/MV5BMTI3ODIyODY4N15BMl5BanBnXkFtZTcwNjE3MjUyMQ@@._V1_UY268_CR4,0,182,268_AL_.jpg"
114131,http://www.imdb.com/title/tt114131,Pie in the Sky (1996),5.8,Comedy|Romance,"https://images-na.ssl-images-amazon.com/images/M/MV5BMTAxMTQwNTg1NjNeQTJeQWpwZ15BbWU3MDEzMzI0MjE@._V1_UY268_CR3,0,182,268_AL_.jpg"
112364,http://www.imdb.com/title/tt112364,Angela (1995),6.4,Drama,"https://images-na.ssl-images-amazon.com/images/M/MV5BMTg1OTIyODc1MF5BMl5BanBnXkFtZTcwNzUxMjkzMQ@@._V1_UY268_CR3,0,182,268_AL_.jpg"
113107,http://www.imdb.com/title/tt113107,Frankie Starlight (1995),6.7,Drama|Romance|War,"https://images-na.ssl-images-amazon.com/images/M/MV5BMjAxMzU0MzI0OF5BMl5BanBnXkFtZTcwMjI3MzMyMQ@@._V1_UX182_CR0,0,182,268_AL_.jpg"
113451,http://www.imdb.com/title/tt113451,Jade (1995),5.2,Crime|Drama|Thriller,"https://images-na.ssl-images-amazon.com/images/M/MV5BMTI1NzI3MTQ2Nl5BMl5BanBnXkFtZTYwNzM5NDQ5._V1_UY268_CR4,0,182,268_AL_.jpg"
114015,http://www.imdb.com/title/tt114015,Nueba Yol (1995),7.1,Comedy|Drama,"https://images-na.ssl-images-amazon.com/images/M/MV5BZGQ1Yjc3MjItNDdmNi00YzQ5LWIwMzQtMzkwNTdkNDg2MmQ0XkEyXkFqcGdeQXVyODU4MjAxOQ@@._V1_UY268_CR0,0,182,268_AL_.jpg"
114500,http://www.imdb.com/title/tt114500,Sonic Outlaws (1995),7.3,Documentary,"https://images-na.ssl-images-amazon.com/images/M/MV5BMTk5OTU5MTgxM15BMl5BanBnXkFtZTcwNTMwMDgyMQ@@._V1_UY268_CR4,0,182,268_AL_.jpg"
116130,http://www.imdb.com/title/tt116130,Down Periscope (1996),6,Comedy,"https://images-na.ssl-images-amazon.com/images/M/MV5BMjA0NTE0ODE0Ml5BMl5BanBnXkFtZTcwNjMxMzUyMQ@@._V1_UY268_CR4,0,182,268_AL_.jpg"
113125,http://www.imdb.com/title/tt113125,From the Journals of Jean Seberg (1995),7.1,Documentary|Biography,"https://images-na.ssl-images-amazon.com/images/M/MV5BMTk5ODgzNDE1NV5BMl5BanBnXkFtZTcwMTY4MDMyMQ@@._V1_UY268_CR8,0,182,268_AL_.jpg"
113756,http://www.imdb.com/title/tt113756,Man of the Year (1995),6.1,Comedy|Romance,"https://images-na.ssl-images-amazon.com/images/M/MV5BMjY3MjczMjQwMV5BMl5BanBnXkFtZTcwNDM3OTEzMQ@@._V1_UX182_CR0,0,182,268_AL_.jpg"
113952,http://www.imdb.com/title/tt113952,The Neon Bible (1995),6.2,Drama,"https://images-na.ssl-images-amazon.com/images/M/MV5BNzg1MzgyMDUyNl5BMl5BanBnXkFtZTcwNTk5MjcyMQ@@._V1_UY268_CR2,0,182,268_AL_.jpg"
114618,http://www.imdb.com/title/tt114618,Target (1995),7.8,Drama,
118055,http://www.imdb.com/title/tt118055,Up Close & Personal (1996),6.1,Drama|Romance,"https://images-na.ssl-images-amazon.com/images/M/MV5BODQ1NDAyMTExMV5BMl5BanBnXkFtZTcwNDIwMDIyMQ@@._V1_UY268_CR4,0,182,268_AL_.jpg"
115685,http://www.imdb.com/title/tt115685,The Birdcage (1996),7,Comedy,"https://images-na.ssl-images-amazon.com/images/M/MV5BMTM2NjExODYyOF5BMl5BanBnXkFtZTcwNTc0NjgyNA@@._V1_UX182_CR0,0,182,268_AL_.jpg"
94878,http://www.imdb.com/title/tt94878,Cienie (1988),6.3,Drama,
113200,http://www.imdb.com/title/tt113200,Gospa (1995),5.1,Drama,"https://images-na.ssl-images-amazon.com/images/M/MV5BOTdkOGMzN2EtM2JkYi00YTNjLTlhNjAtYjVkZWRjYWVmNjI5XkEyXkFqcGdeQXVyNjU4NzAyNjg@._V1_UX182_CR0,0,182,268_AL_.jpg"
112585,http://www.imdb.com/title/tt112585,The Brothers McMullen (1995),6.6,Comedy|Drama|Romance,"https://images-na.ssl-images-amazon.com/images/M/MV5BMTIwODk3MDU5N15BMl5BanBnXkFtZTcwMTE2NTYyMQ@@._V1_UY268_CR3,0,182,268_AL_.jpg"
112442,http://www.imdb.com/title/tt112442,Bad Boys (1995),6.8,Action|Comedy|Crime,"https://images-na.ssl-images-amazon.com/images/M/MV5BMTY4NDk1NTU5NF5BMl5BanBnXkFtZTcwMjE2NDU2MQ@@._V1_UX182_CR0,0,182,268_AL_.jpg"
112342,http://www.imdb.com/title/tt112342,The Amazing Panda Adventure (1995),5.8,Family|Adventure|Drama,"https://images-na.ssl-images-amazon.com/images/M/MV5BNzM2MjM0MzI3OF5BMl5BanBnXkFtZTcwOTc2MDcxMQ@@._V1_UY268_CR1,0,182,268_AL_.jpg"
112461,http://www.imdb.com/title/tt112461,The Basketball Diaries (1995),7.3,Biography|Crime|Drama,"https://images-na.ssl-images-amazon.com/images/M/MV5BMjdlNzQxZGUtZTg5YS00ODg2LTkxMzctMDAyNmEwM2YyZjA4XkEyXkFqcGdeQXVyMTQxNzMzNDI@._V1_UX182_CR0,0,182,268_AL_.jpg"
112427,http://www.imdb.com/title/tt112427,An Awfully Big Adventure (1995),6,Comedy|Drama|Romance,"https://images-na.ssl-images-amazon.com/images/M/MV5BMTI0NzUwMzM1NF5BMl5BanBnXkFtZTcwNDc5ODgyMQ@@._V1_UX182_CR0,0,182,268_AL_.jpg"
109093,http://www.imdb.com/title/tt109093,Amateur (1994),7,Comedy|Crime|Drama,"https://images-na.ssl-images-amazon.com/images/M/MV5BMTIwNzE5OTkxMV5BMl5BanBnXkFtZTcwMzIxMjAwMQ@@._V1_UX182_CR0,0,182,268_AL_.jpg"
112384,http://www.imdb.com/title/tt112384,Apollo 13 (1995),7.6,Adventure|Drama|History,"https://images-na.ssl-images-amazon.com/images/M/MV5BNjEzYjJmNzgtNDkwNy00MTQ4LTlmMWMtNzA4YjE2NjI0ZDg4XkEyXkFqcGdeQXVyNjU0OTQ0OTY@._V1_UX182_CR0,0,182,268_AL_.jpg"
114287,http://www.imdb.com/title/tt114287,Rob Roy (1995),6.9,Adventure|Biography|History,"https://images-na.ssl-images-amazon.com/images/M/MV5BMjE2NTU2ODI0MV5BMl5BanBnXkFtZTcwNTIwODU2NA@@._V1_UX182_CR0,0,182,268_AL_.jpg"
112288,http://www.imdb.com/title/tt112288,The Addiction (1995),6.4,Horror,"https://images-na.ssl-images-amazon.com/images/M/MV5BMWYzN2EyMmMtMTU2My00MWY2LTkyMGYtMjk0MzVkZGZiMzNjXkEyXkFqcGdeQXVyMTQxNzMzNDI@._V1_UX182_CR0,0,182,268_AL_.jpg"
112462,http://www.imdb.com/title/tt112462,Batman Forever (1995),5.4,Action|Adventure|Fantasy,"https://images-na.ssl-images-amazon.com/images/M/MV5BNWY3M2I0YzItNzA1ZS00MzE3LThlYTEtMTg2YjNiOTYzODQ1XkEyXkFqcGdeQXVyMTQxNzMzNDI@._V1_UX182_CR0,0,182,268_AL_.jpg"
61395,http://www.imdb.com/title/tt61395,Belle de Jour (1967),7.8,Drama,"https://images-na.ssl-images-amazon.com/images/M/MV5BMjhjYWVjZWItZmE3OS00ZTNmLWJhYTktZGM1YWZiNDgxNTU2XkEyXkFqcGdeQXVyMTQxNzMzNDI@._V1_UY268_CR4,0,182,268_AL_.jpg"
112495,http://www.imdb.com/title/tt112495,Beyond Rangoon (1995),6.6,Action|Drama,"https://images-na.ssl-images-amazon.com/images/M/MV5BMTQwODgxMTA1NV5BMl5BanBnXkFtZTcwNzg0MTgyMQ@@._V1_UX182_CR0,0,182,268_AL_.jpg"
112541,http://www.imdb.com/title/tt112541,Blue in the Face (1995),6.7,Comedy,"https://images-na.ssl-images-amazon.com/images/M/MV5BMjE4MTUzMDIyMl5BMl5BanBnXkFtZTcwNzk4MDYyMQ@@._V1_UY268_CR0,0,182,268_AL_.jpg"
109370,http://www.imdb.com/title/tt109370,Canadian Bacon (1995),5.9,Comedy,"https://images-na.ssl-images-amazon.com/images/M/MV5BMTUwNDU0NzcwMl5BMl5BanBnXkFtZTcwNzk1NjAzNA@@._V1_UY268_CR0,0,182,268_AL_.jpg"
112642,http://www.imdb.com/title/tt112642,Casper (1995),6,Comedy|Family|Fantasy,"https://images-na.ssl-images-amazon.com/images/M/MV5BZThhYTlhMDUtMDhjZi00MTljLTkwMDYtOGU3ZjVlMWE4NDk4XkEyXkFqcGdeQXVyMTQxNzMzNDI@._V1_UY268_CR5,0,182,268_AL_.jpg"
112688,http://www.imdb.com/title/tt112688,Clockers (1995),6.9,Crime|Drama|Mystery,"https://images-na.ssl-images-amazon.com/images/M/MV5BNGRlZjMzMzctZmJiYS00NzUwLWI5NDYtZmIyZjcwOGVkYmM1XkEyXkFqcGdeQXVyNTc1NTQxODI@._V1_UX182_CR0,0,182,268_AL_.jpg"
112715,http://www.imdb.com/title/tt112715,Congo (1995),5.1,Action|Adventure|Mystery,"https://images-na.ssl-images-amazon.com/images/M/MV5BMmQ2YWFjZGItMTNiZi00ZDFmLWE3ZTAtNTZiZTI5ZjBjYzlkXkEyXkFqcGdeQXVyMTQxNzMzNDI@._V1_UX182_CR0,0,182,268_AL_.jpg"
112740,http://www.imdb.com/title/tt112740,Crimson Tide (1995),7.3,Action|Drama|Thriller,"https://images-na.ssl-images-amazon.com/images/M/MV5BMmFkY2IxNTAtMWRiNS00MWU2LWI1NDYtY2YxYTQyYTk5OTBhXkEyXkFqcGdeQXVyNDk3NzU2MTQ@._V1_UX182_CR0,0,182,268_AL_.jpg"
109508,http://www.imdb.com/title/tt109508,Crumb (1994),8,Documentary|Biography|Comedy,"https://images-na.ssl-images-amazon.com/images/M/MV5BMTc1MzcxODgwMl5BMl5BanBnXkFtZTcwMjU1NzE1Mw@@._V1_UY268_CR3,0,182,268_AL_.jpg"
112851,http://www.imdb.com/title/tt112851,Desperado (1995),7.2,Action|Thriller,"https://images-na.ssl-images-amazon.com/images/M/MV5BYjA0NDMyYTgtMDgxOC00NGE0LWJkOTQtNDRjMjEzZmU0ZTQ3XkEyXkFqcGdeQXVyMTQxNzMzNDI@._V1_UX182_CR0,0,182,268_AL_.jpg"
112857,http://www.imdb.com/title/tt112857,Devil in a Blue Dress (1995),6.7,Crime|Drama|Mystery,"https://images-na.ssl-images-amazon.com/images/M/MV5BMTQyNTA0ODIzOV5BMl5BanBnXkFtZTcwMzg2ODUxMQ@@._V1_UY268_CR2,0,182,268_AL_.jpg"
112864,http://www.imdb.com/title/tt112864,Die Hard with a Vengeance (1995),7.6,Action|Adventure|Thriller,"https://images-na.ssl-images-amazon.com/images/M/MV5BZjI0ZWFiMmQtMjRlZi00ZmFhLWI4NmYtMjQ5YmY0MzIyMzRiXkEyXkFqcGdeQXVyMTQxNzMzNDI@._V1_UX182_CR0,0,182,268_AL_.jpg"
112887,http://www.imdb.com/title/tt112887,The Doom Generation (1995),5.9,Action|Comedy|Crime,"https://images-na.ssl-images-amazon.com/images/M/MV5BYjEwZDUyODktOGVmOC00ZjIyLTlmM2YtZDZjY2Y2ZWE4ZjMyXkEyXkFqcGdeQXVyMTQxNzMzNDI@._V1_UX182_CR0,0,182,268_AL_.jpg"
113044,http://www.imdb.com/title/tt113044,Feast of July (1995),6.4,Crime|Drama|Mystery,"https://images-na.ssl-images-amazon.com/images/M/MV5BODQ5NTcyODQ4Ml5BMl5BanBnXkFtZTcwNjgxNzUyMQ@@._V1_UY268_CR4,0,182,268_AL_.jpg"
113071,http://www.imdb.com/title/tt113071,First Knight (1995),5.9,Action|Adventure|Romance,"https://images-na.ssl-images-amazon.com/images/M/MV5BOGUyZmJmM2MtMDNlZC00ZDU0LWIwODQtNGFmOWJjZjk5ZThhXkEyXkFqcGdeQXVyNjUwNzk3NDc@._V1_UX182_CR0,0,182,268_AL_.jpg"
113114,http://www.imdb.com/title/tt113114,Free Willy 2: The Adventure Home (1995),4.9,Adventure|Drama|Family,"https://images-na.ssl-images-amazon.com/images/M/MV5BZWY3OWY3MjUtN2E3NS00M2RkLWI5MWUtMmI4MjQ0MjFmZjM2XkEyXkFqcGdeQXVyMTQxNzMzNDI@._V1_UX182_CR0,0,182,268_AL_.jpg"
113243,http://www.imdb.com/title/tt113243,Hackers (1995),6.2,Comedy|Crime|Drama,"https://images-na.ssl-images-amazon.com/images/M/MV5BODg0NjQ5ODQ3OF5BMl5BanBnXkFtZTcwNjU4MjkzNA@@._V1_UX182_CR0,0,182,268_AL_.jpg"
113464,http://www.imdb.com/title/tt113464,Jeffrey (1995),6.7,Comedy|Drama,"https://images-na.ssl-images-amazon.com/images/M/MV5BMTc4MjM1Njc3NF5BMl5BanBnXkFtZTcwNzI0OTgyMQ@@._V1_UY268_CR3,0,182,268_AL_.jpg"
113481,http://www.imdb.com/title/tt113481,Johnny Mnemonic (1995),5.6,Action|Crime|Sci-Fi,"https://images-na.ssl-images-amazon.com/images/M/MV5BNTdhYjEzYTEtYTkwZC00NzgxLWI0ZWEtYmEyMGZhOWYwMjE2XkEyXkFqcGdeQXVyMTQxNzMzNDI@._V1_UX182_CR0,0,182,268_AL_.jpg"
113492,http://www.imdb.com/title/tt113492,Judge Dredd (1995),5.5,Action|Crime|Sci-Fi,"https://images-na.ssl-images-amazon.com/images/M/MV5BYmM1NzUyY2YtOTU4My00ZmFmLWI4ZjYtYzJlM2JlOTBhZmIzXkEyXkFqcGdeQXVyNjE5MjUyOTM@._V1_UX182_CR0,0,182,268_AL_.jpg"
113500,http://www.imdb.com/title/tt113500,Jury Duty (1995),4.1,Comedy,"https://images-na.ssl-images-amazon.com/images/M/MV5BN2RlNGM4NjEtNjUxZC00YjA2LThjYjQtMDdkNDA1YzNlNzJjXkEyXkFqcGdeQXVyMTQxNzMzNDI@._V1_UX182_CR0,0,182,268_AL_.jpg"
113540,http://www.imdb.com/title/tt113540,Kids (1995),7,Drama,"https://images-na.ssl-images-amazon.com/images/M/MV5BNTNmN2QyNTgtMTk0ZC00NmFhLWJlNzctZmMyYTczZTYyMzA1XkEyXkFqcGdeQXVyMTQxNzMzNDI@._V1_UX182_CR0,0,182,268_AL_.jpg"
113677,http://www.imdb.com/title/tt113677,Living in Oblivion (1995),7.6,Comedy|Drama,"https://images-na.ssl-images-amazon.com/images/M/MV5BMTQ3NjAwMDc3MV5BMl5BanBnXkFtZTcwNDg2NTgxMQ@@._V1_UY268_CR1,0,182,268_AL_.jpg"
113690,http://www.imdb.com/title/tt113690,Lord of Illusions (1995),6,Horror|Mystery|Thriller,"https://images-na.ssl-images-amazon.com/images/M/MV5BNDg1OTc0MDQwNl5BMl5BanBnXkFtZTcwMjQ3NDk0NA@@._V1_UX182_CR0,0,182,268_AL_.jpg"
107447,http://www.imdb.com/title/tt107447,Love & Human Remains (1993),6.7,Drama|Comedy,"https://images-na.ssl-images-amazon.com/images/M/MV5BMTcxMzQ2OTk5OF5BMl5BanBnXkFtZTcwMDUxNDMzMQ@@._V1_UY268_CR1,0,182,268_AL_.jpg"
113729,http://www.imdb.com/title/tt113729,Mad Love (1995),5.3,Drama|Romance,"https://images-na.ssl-images-amazon.com/images/M/MV5BNDE0NTQ1NjQzM15BMl5BanBnXkFtZTYwNDI4MDU5._V1_UY268_CR4,0,182,268_AL_.jpg"
113749,http://www.imdb.com/title/tt113749,Mallrats (1995),7.2,Comedy|Romance,"https://images-na.ssl-images-amazon.com/images/M/MV5BYTNjYTA4OGItZGZmMy00ODkzLTk3ZDgtNDdhODk1YjBiMWI4L2ltYWdlL2ltYWdlXkEyXkFqcGdeQXVyMTQxNzMzNDI@._V1_UX182_CR0,0,182,268_AL_.jpg"
113820,http://www.imdb.com/title/tt113820,Mighty Morphin Power Rangers: The Movie (1995),5.1,Action|Adventure|Family,"https://images-na.ssl-images-amazon.com/images/M/MV5BMTc3NDc4MjU2NV5BMl5BanBnXkFtZTcwNzY4NjUyMQ@@._V1_UY268_CR3,0,182,268_AL_.jpg"
113851,http://www.imdb.com/title/tt113851,Moonlight and Valentino (1995),5.8,Comedy|Drama|Romance,"https://images-na.ssl-images-amazon.com/images/M/MV5BYjBhZDFhYWMtYTA0MS00NTZkLWI2YTAtMGJmZmVlNmE3YmE1XkEyXkFqcGdeQXVyMTA0MjU0Ng@@._V1_UX182_CR0,0,182,268_AL_.jpg"
110604,http://www.imdb.com/title/tt110604,Mute Witness (1995),6.8,Horror|Thriller,"https://images-na.ssl-images-amazon.com/images/M/MV5BMTQwMjczODAyOV5BMl5BanBnXkFtZTcwNDA5NjQyMQ@@._V1_UY268_CR0,0,182,268_AL_.jpg"
110620,http://www.imdb.com/title/tt110620,Nadja (1994),6,Drama|Horror,"https://images-na.ssl-images-amazon.com/images/M/MV5BMTk2NTE5MDI4MV5BMl5BanBnXkFtZTcwODM4MDMzMQ@@._V1_UY268_CR43,0,182,268_AL_.jpg"
113957,http://www.imdb.com/title/tt113957,The Net (1995),5.9,Action|Crime|Drama,"https://images-na.ssl-images-amazon.com/images/M/MV5BYWU1YjQ3NTUtZjZkZi00ZDc5LTgyZTgtNzkxMTIzNzUwZGY0XkEyXkFqcGdeQXVyNDk3NzU2MTQ@._V1_UX182_CR0,0,182,268_AL_.jpg"
113986,http://www.imdb.com/title/tt113986,Nine Months (1995),5.4,Comedy|Romance,"https://images-na.ssl-images-amazon.com/images/M/MV5BY2U3YTQzYWYtZTBlYi00ZmJjLTkzMjAtOTljYmE5MThhNzk5L2ltYWdlL2ltYWdlXkEyXkFqcGdeQXVyMTQxNzMzNDI@._V1_UX182_CR0,0,182,268_AL_.jpg"
114095,http://www.imdb.com/title/tt114095,Party Girl (1995),6.6,Comedy,"https://images-na.ssl-images-amazon.com/images/M/MV5BMTQ0MTE0NTQxMV5BMl5BanBnXkFtZTcwMDQ2NjkyMQ@@._V1_UY268_CR0,0,182,268_AL_.jpg"
114194,http://www.imdb.com/title/tt114194,The Prophecy (1995),6.6,Action|Crime|Drama,"https://images-na.ssl-images-amazon.com/images/M/MV5BZjM4N2I0ZjYtMTFmNC00ZGQ0LWIzNmMtZDZjNzIwOGM1NzA0XkEyXkFqcGdeQXVyMTQxNzMzNDI@._V1_UX182_CR0,0,182,268_AL_.jpg"
114241,http://www.imdb.com/title/tt114241,Reckless (1995),5.1,Comedy|Drama|Fantasy,"https://images-na.ssl-images-amazon.com/images/M/MV5BMTk4ODEzNDktM2U1ZC00MjhiLWEyMTgtNmI2NGM0ZWE3MTE2XkEyXkFqcGdeQXVyNjExODE1MDc@._V1_UY268_CR0,0,182,268_AL_.jpg"
114323,http://www.imdb.com/title/tt114323,Safe (1995),7.2,Drama,"https://images-na.ssl-images-amazon.com/images/M/MV5BODliOWEzMTUtZDQ5ZS00ZTBmLTgzNzEtMGVkOTlhYWNkYjE2XkEyXkFqcGdeQXVyMTQxNzMzNDI@._V1_UX182_CR0,0,182,268_AL_.jpg"
114345,http://www.imdb.com/title/tt114345,The Scarlet Letter (1995),5.2,Drama|Romance,"https://images-na.ssl-images-amazon.com/images/M/MV5BMTk4MTg0NzMxMV5BMl5BanBnXkFtZTcwMDc4ODUyMQ@@._V1_UX182_CR0,0,182,268_AL_.jpg"
114435,http://www.imdb.com/title/tt114435,The Show (1995),6.8,Documentary|Music,"https://images-na.ssl-images-amazon.com/images/M/MV5BMTAwNDYwMTEzNzZeQTJeQWpwZ15BbWU3MDY2MTY2MjE@._V1_UY268_CR3,0,182,268_AL_.jpg"
114436,http://www.imdb.com/title/tt114436,Showgirls (1995),4.6,Drama,"https://images-na.ssl-images-amazon.com/images/M/MV5BNzcyMjExNjg3OF5BMl5BanBnXkFtZTgwOTY4Mjc1MDE@._V1_UX182_CR0,0,182,268_AL_.jpg"
114478,http://www.imdb.com/title/tt114478,Smoke (1995),7.4,Comedy|Drama,"https://images-na.ssl-images-amazon.com/images/M/MV5BMjUwYTdiYjItNTgzNS00MmQ3LWJlMDctODMyNTkxMjIxMDgwL2ltYWdlL2ltYWdlXkEyXkFqcGdeQXVyMTA0MjU0Ng@@._V1_UY268_CR0,0,182,268_AL_.jpg"
114496,http://www.imdb.com/title/tt114496,Something to Talk About (1995),5.7,Comedy|Drama|Romance,"https://images-na.ssl-images-amazon.com/images/M/MV5BMTIzOTczNTM1MF5BMl5BanBnXkFtZTcwMDM5MDMyMQ@@._V1_UY268_CR8,0,182,268_AL_.jpg"
114508,http://www.imdb.com/title/tt114508,Species (1995),5.8,Action|Horror|Sci-Fi,"https://images-na.ssl-images-amazon.com/images/M/MV5BMjMyNTE0ODUzOF5BMl5BanBnXkFtZTcwNjY5NTk1NA@@._V1_UX182_CR0,0,182,268_AL_.jpg"
114534,http://www.imdb.com/title/tt114534,The Stars Fell on Henrietta (1995),6.5,Drama,"https://images-na.ssl-images-amazon.com/images/M/MV5BMTU4NTYzMzIzMF5BMl5BanBnXkFtZTcwODk4MTkxMQ@@._V1_UX182_CR0,0,182,268_AL_.jpg"
114558,http://www.imdb.com/title/tt114558,Strange Days (1995),7.2,Action|Crime|Drama,"https://images-na.ssl-images-amazon.com/images/M/MV5BMjQ2NTQ0NzgtODUzYy00NThlLWFhNDEtNjhkY2M0M2EwY2ZmXkEyXkFqcGdeQXVyNDk3NzU2MTQ@._V1_UX182_CR0,0,182,268_AL_.jpg"
58450,http://www.imdb.com/title/tt58450,The Umbrellas of Cherbourg (1964),7.8,Drama|Musical|Romance,"https://images-na.ssl-images-amazon.com/images/M/MV5BZmMyNzg3MGYtZTllNS00MjVjLWI0NmQtMTZlNzBmZjBjZTZmXkEyXkFqcGdeQXVyMjgyNjk3MzE@._V1_UX182_CR0,0,182,268_AL_.jpg"
114666,http://www.imdb.com/title/tt114666,The Tie That Binds (1995),5,Crime|Drama|Thriller,"https://images-na.ssl-images-amazon.com/images/M/MV5BMTg1NDgxMzYyM15BMl5BanBnXkFtZTcwNzIyOTEyMQ@@._V1_UY268_CR3,0,182,268_AL_.jpg"